{
  "record_type": "evaluation.kshot",
  "created_at": "2026-05-31T10:37:26+00:00",
  "model_run_id": "doppler_softmax_baseline",
  "protocol": {
    "name": "same_domain_PI-4a",
    "task": "few_shot_person_identification",
    "enrollment_domains": [
      "PI-4a"
    ],
    "query_domains": [
      "PI-4a"
    ],
    "enrollment_split": [
      0.0,
      0.6
    ],
    "query_split": [
      0.6,
      0.8
    ]
  },
  "dataset": {
    "representation": "doppler",
    "data_root": "C:\\Users\\gianm\\Development\\wifi-doppler-har\\data\\doppler_traces_pi",
    "persons": [
      "p03",
      "p05",
      "p06",
      "p07",
      "p08",
      "p09",
      "p10",
      "p11",
      "p12",
      "p13"
    ],
    "window_size": 340,
    "window_stride": 30,
    "split_guard": 31,
    "enrollment_windows": 8738,
    "query_windows": 2830
  },
  "parameters": {
    "k_values": [
      1,
      3,
      5,
      10,
      25,
      50,
      100
    ],
    "n_trials": 20,
    "seed": 0,
    "batch_size": 128,
    "embedding_fusion": "mean",
    "metric": "cosine"
  },
  "results": {
    "1": {
      "mean": 0.20457597076892853,
      "std": 0.032786201199187535,
      "trials": [
        0.26042401790618896,
        0.2272084802389145,
        0.19505299627780914,
        0.19399292767047882,
        0.19717314839363098,
        0.17597173154354095,
        0.22190812230110168,
        0.19893993437290192,
        0.24169611930847168,
        0.2583038806915283,
        0.18975265324115753,
        0.1929328590631485,
        0.19399292767047882,
        0.19893993437290192,
        0.128621906042099,
        0.20212014019489288,
        0.19964663684368134,
        0.25053003430366516,
        0.14487633109092712,
        0.21943463385105133
      ]
    },
    "3": {
      "mean": 0.25169611498713496,
      "std": 0.02100709027302059,
      "trials": [
        0.24098940193653107,
        0.23851589858531952,
        0.2766784429550171,
        0.24628975987434387,
        0.24911661446094513,
        0.22508834302425385,
        0.2378091812133789,
        0.2530035376548767,
        0.2180211991071701,
        0.26113075017929077,
        0.27597174048423767,
        0.2275618314743042,
        0.27985864877700806,
        0.22614841163158417,
        0.27597174048423767,
        0.23604241013526917,
        0.2590106129646301,
        0.2777385115623474,
        0.28939929604530334,
        0.23957596719264984
      ]
    },
    "5": {
      "mean": 0.27650176659226416,
      "std": 0.0227676744224506,
      "trials": [
        0.29328620433807373,
        0.28551235795021057,
        0.29328620433807373,
        0.2784452438354492,
        0.2625441551208496,
        0.30494698882102966,
        0.3031802177429199,
        0.2975265085697174,
        0.25547704100608826,
        0.2664310932159424,
        0.25512367486953735,
        0.2590106129646301,
        0.2918727993965149,
        0.2777385115623474,
        0.2681978940963745,
        0.3116607666015625,
        0.26996466517448425,
        0.2674911618232727,
        0.27950531244277954,
        0.20883391797542572
      ]
    },
    "10": {
      "mean": 0.30441695898771287,
      "std": 0.01441094213861487,
      "trials": [
        0.3162544071674347,
        0.27420493960380554,
        0.30424028635025024,
        0.2918727993965149,
        0.322614848613739,
        0.31413426995277405,
        0.3014134168624878,
        0.30883392691612244,
        0.340282678604126,
        0.30459365248680115,
        0.3215547800064087,
        0.2975265085697174,
        0.2809187173843384,
        0.30494698882102966,
        0.30530035495758057,
        0.30494698882102966,
        0.2968197762966156,
        0.3017667829990387,
        0.3070671260356903,
        0.28904592990875244
      ]
    },
    "25": {
      "mean": 0.32477031648159027,
      "std": 0.018435581155687077,
      "trials": [
        0.3014134168624878,
        0.32862189412117004,
        0.30494698882102966,
        0.36395758390426636,
        0.3455830514431,
        0.32473498582839966,
        0.30600705742836,
        0.29363957047462463,
        0.3215547800064087,
        0.30918729305267334,
        0.32826855778694153,
        0.3328621983528137,
        0.3222614824771881,
        0.31908127665519714,
        0.3215547800064087,
        0.3070671260356903,
        0.3409894108772278,
        0.31837454438209534,
        0.35371023416519165,
        0.351590096950531
      ]
    },
    "50": {
      "mean": 0.32689046263694765,
      "std": 0.012465488366648795,
      "trials": [
        0.30530035495758057,
        0.33427563309669495,
        0.33462896943092346,
        0.3261484205722809,
        0.31484100222587585,
        0.3363957703113556,
        0.3180212080478668,
        0.322614848613739,
        0.35300353169441223,
        0.340282678604126,
        0.3021201491355896,
        0.33003532886505127,
        0.33992934226989746,
        0.3307420611381531,
        0.3409894108772278,
        0.3222614824771881,
        0.3314487636089325,
        0.32367491722106934,
        0.31837454438209534,
        0.3127208352088928
      ]
    },
    "100": {
      "mean": 0.34155477285385133,
      "std": 0.009090548543475586,
      "trials": [
        0.34452298283576965,
        0.3409894108772278,
        0.3254416882991791,
        0.3473498225212097,
        0.3279151916503906,
        0.33321553468704224,
        0.33851590752601624,
        0.34840989112854004,
        0.35371023416519165,
        0.3318021297454834,
        0.34416961669921875,
        0.33533570170402527,
        0.3406360447406769,
        0.3363957703113556,
        0.36360424757003784,
        0.34946995973587036,
        0.35335689783096313,
        0.3360424041748047,
        0.33992934226989746,
        0.340282678604126
      ]
    }
  }
}