{
  "record_type": "evaluation.kshot",
  "created_at": "2026-05-31T10:35:47+00:00",
  "model_run_id": "doppler_softmax_baseline",
  "protocol": {
    "name": "same_domain_PI-2a",
    "task": "few_shot_person_identification",
    "enrollment_domains": [
      "PI-2a"
    ],
    "query_domains": [
      "PI-2a"
    ],
    "enrollment_split": [
      0.0,
      0.6
    ],
    "query_split": [
      0.6,
      0.8
    ]
  },
  "dataset": {
    "representation": "doppler",
    "data_root": "C:\\Users\\gianm\\Development\\wifi-doppler-har\\data\\doppler_traces_pi",
    "persons": [
      "p03",
      "p05",
      "p06",
      "p07",
      "p08",
      "p09",
      "p10",
      "p11",
      "p12",
      "p13"
    ],
    "window_size": 340,
    "window_stride": 30,
    "split_guard": 31,
    "enrollment_windows": 8588,
    "query_windows": 2780
  },
  "parameters": {
    "k_values": [
      1,
      3,
      5,
      10,
      25,
      50,
      100
    ],
    "n_trials": 20,
    "seed": 0,
    "batch_size": 128,
    "embedding_fusion": "mean",
    "metric": "cosine"
  },
  "results": {
    "1": {
      "mean": 0.20190647579729556,
      "std": 0.03624662628280778,
      "trials": [
        0.22122302651405334,
        0.2093525230884552,
        0.21978417038917542,
        0.1924460381269455,
        0.22086331248283386,
        0.1176258996129036,
        0.23633094131946564,
        0.17194244265556335,
        0.21079136431217194,
        0.23453237116336823,
        0.2179856151342392,
        0.21079136431217194,
        0.23021583259105682,
        0.25107914209365845,
        0.10971222817897797,
        0.1877697855234146,
        0.1856115162372589,
        0.23417265713214874,
        0.20791366696357727,
        0.16798561811447144
      ]
    },
    "3": {
      "mean": 0.2530935250222683,
      "std": 0.02370784772111128,
      "trials": [
        0.2902877628803253,
        0.23165467381477356,
        0.24856114387512207,
        0.29604315757751465,
        0.23633094131946564,
        0.25323739647865295,
        0.2287769764661789,
        0.2561151087284088,
        0.24532374739646912,
        0.2374100685119629,
        0.26654675602912903,
        0.21330934762954712,
        0.22589927911758423,
        0.2539568245410919,
        0.29352518916130066,
        0.22338129580020905,
        0.264748215675354,
        0.2586331069469452,
        0.28705036640167236,
        0.25107914209365845
      ]
    },
    "5": {
      "mean": 0.28422661870718,
      "std": 0.018399651017517636,
      "trials": [
        0.30035972595214844,
        0.3050359785556793,
        0.2928057610988617,
        0.2902877628803253,
        0.27482014894485474,
        0.3097122311592102,
        0.29136690497398376,
        0.29136690497398376,
        0.2946043312549591,
        0.2687050402164459,
        0.2931654751300812,
        0.2758992910385132,
        0.2539568245410919,
        0.2568345367908478,
        0.2719424366950989,
        0.30071941018104553,
        0.319064736366272,
        0.2539568245410919,
        0.2687050402164459,
        0.2712230086326599
      ]
    },
    "10": {
      "mean": 0.32512590289115906,
      "std": 0.016362467692864986,
      "trials": [
        0.3230215907096863,
        0.3115108013153076,
        0.3287769854068756,
        0.30000001192092896,
        0.3525179922580719,
        0.33705034852027893,
        0.3251798450946808,
        0.33453238010406494,
        0.3647482097148895,
        0.32985612750053406,
        0.3251798450946808,
        0.32985612750053406,
        0.3050359785556793,
        0.3032374083995819,
        0.33669063448905945,
        0.31115108728408813,
        0.3251798450946808,
        0.32985612750053406,
        0.32985612750053406,
        0.29928058385849
      ]
    },
    "25": {
      "mean": 0.36248201578855516,
      "std": 0.017373801041831994,
      "trials": [
        0.39172661304473877,
        0.365827351808548,
        0.3392086327075958,
        0.3521582782268524,
        0.3647482097148895,
        0.3464028835296631,
        0.3737410008907318,
        0.3395683467388153,
        0.3571942448616028,
        0.347841739654541,
        0.37338128685951233,
        0.39388489723205566,
        0.34532374143600464,
        0.3852517902851105,
        0.3377697765827179,
        0.35107913613319397,
        0.3647482097148895,
        0.37661871314048767,
        0.3586331009864807,
        0.3845323622226715
      ]
    },
    "50": {
      "mean": 0.3781474828720093,
      "std": 0.017295718720554805,
      "trials": [
        0.36834532022476196,
        0.37266185879707336,
        0.4014388620853424,
        0.3884892165660858,
        0.3607913553714752,
        0.34928056597709656,
        0.3636690676212311,
        0.38381296396255493,
        0.3798561096191406,
        0.416906476020813,
        0.3521582782268524,
        0.3971222937107086,
        0.3758992850780487,
        0.3723021447658539,
        0.37697842717170715,
        0.3755395710468292,
        0.4043165445327759,
        0.3762589991092682,
        0.35755395889282227,
        0.38956835865974426
      ]
    },
    "100": {
      "mean": 0.4028417274355888,
      "std": 0.014444090663462942,
      "trials": [
        0.41294965147972107,
        0.4187050461769104,
        0.39172661304473877,
        0.3956834673881531,
        0.4014388620853424,
        0.3953237533569336,
        0.41115108132362366,
        0.42230215668678284,
        0.4377697706222534,
        0.4276978373527527,
        0.3852517902851105,
        0.38741007447242737,
        0.39460432529449463,
        0.38812950253486633,
        0.38561150431632996,
        0.39424461126327515,
        0.4082733690738678,
        0.39676257967948914,
        0.4043165445327759,
        0.3974820077419281
      ]
    }
  }
}