{
  "record_type": "evaluation.kshot",
  "created_at": "2026-05-31T10:36:36+00:00",
  "model_run_id": "doppler_softmax_baseline",
  "protocol": {
    "name": "same_domain_PI-3a",
    "task": "few_shot_person_identification",
    "enrollment_domains": [
      "PI-3a"
    ],
    "query_domains": [
      "PI-3a"
    ],
    "enrollment_split": [
      0.0,
      0.6
    ],
    "query_split": [
      0.6,
      0.8
    ]
  },
  "dataset": {
    "representation": "doppler",
    "data_root": "C:\\Users\\gianm\\Development\\wifi-doppler-har\\data\\doppler_traces_pi",
    "persons": [
      "p03",
      "p05",
      "p06",
      "p07",
      "p08",
      "p09",
      "p10",
      "p11",
      "p12",
      "p13"
    ],
    "window_size": 340,
    "window_stride": 30,
    "split_guard": 31,
    "enrollment_windows": 9143,
    "query_windows": 2965
  },
  "parameters": {
    "k_values": [
      1,
      3,
      5,
      10,
      25,
      50,
      100
    ],
    "n_trials": 20,
    "seed": 0,
    "batch_size": 128,
    "embedding_fusion": "mean",
    "metric": "cosine"
  },
  "results": {
    "1": {
      "mean": 0.21322090923786163,
      "std": 0.03772635904788999,
      "trials": [
        0.17706575989723206,
        0.15885329246520996,
        0.1821247935295105,
        0.21281619369983673,
        0.1942664384841919,
        0.25902190804481506,
        0.2688027024269104,
        0.23844856023788452,
        0.1875210851430893,
        0.24553120136260986,
        0.21180438995361328,
        0.21787521243095398,
        0.28870150446891785,
        0.1902192234992981,
        0.192242830991745,
        0.23878583312034607,
        0.15817874670028687,
        0.15952782332897186,
        0.22529511153697968,
        0.2573355734348297
      ]
    },
    "3": {
      "mean": 0.26994941011071205,
      "std": 0.054165559051960334,
      "trials": [
        0.27251264452934265,
        0.38988196849823,
        0.25767284631729126,
        0.24013490974903107,
        0.3392917513847351,
        0.23372681438922882,
        0.21349072456359863,
        0.25092747807502747,
        0.22259695827960968,
        0.25902190804481506,
        0.20269814133644104,
        0.20337268710136414,
        0.30421584844589233,
        0.3210792541503906,
        0.1956155151128769,
        0.32411468029022217,
        0.34502530097961426,
        0.32816189527511597,
        0.24822933971881866,
        0.24721753597259521
      ]
    },
    "5": {
      "mean": 0.29055649042129517,
      "std": 0.045191726476412813,
      "trials": [
        0.30556491017341614,
        0.26172006130218506,
        0.3541315197944641,
        0.26779088377952576,
        0.37807756662368774,
        0.28870150446891785,
        0.22023609280586243,
        0.2728499174118042,
        0.24924114346504211,
        0.2937605381011963,
        0.3284991681575775,
        0.2856661081314087,
        0.3892074227333069,
        0.2613827884197235,
        0.26576727628707886,
        0.3365935981273651,
        0.23170320689678192,
        0.2849915623664856,
        0.24249579012393951,
        0.29274874925613403
      ]
    },
    "10": {
      "mean": 0.32497470527887345,
      "std": 0.04034909302900588,
      "trials": [
        0.2984822988510132,
        0.3268128037452698,
        0.315682977437973,
        0.28870150446891785,
        0.28802698850631714,
        0.37875211238861084,
        0.37672850489616394,
        0.3038785755634308,
        0.25969645380973816,
        0.36121416091918945,
        0.28735244274139404,
        0.32209107279777527,
        0.35919055342674255,
        0.3541315197944641,
        0.3032040596008301,
        0.3210792541503906,
        0.28397977352142334,
        0.28128162026405334,
        0.4064081013202667,
        0.38279932737350464
      ]
    },
    "25": {
      "mean": 0.34166947603225706,
      "std": 0.03138414956568766,
      "trials": [
        0.3440134823322296,
        0.2917369306087494,
        0.30219224095344543,
        0.31433388590812683,
        0.3669477105140686,
        0.3116357624530792,
        0.3595278263092041,
        0.36593592166900635,
        0.31096121668815613,
        0.335919052362442,
        0.28532883524894714,
        0.35716694593429565,
        0.3602023720741272,
        0.4053962826728821,
        0.32040470838546753,
        0.36930859088897705,
        0.3453625738620758,
        0.38145026564598083,
        0.33558177947998047,
        0.36998313665390015
      ]
    },
    "50": {
      "mean": 0.34183811247348783,
      "std": 0.03644859943706162,
      "trials": [
        0.35851600766181946,
        0.29477235674858093,
        0.36593592166900635,
        0.3177065849304199,
        0.335919052362442,
        0.34367620944976807,
        0.3763912320137024,
        0.4161888659000397,
        0.30219224095344543,
        0.3973018527030945,
        0.3075885474681854,
        0.28937605023384094,
        0.3777402937412262,
        0.35581788420677185,
        0.2890387773513794,
        0.29274874925613403,
        0.34974706172943115,
        0.35311973094940186,
        0.3682968020439148,
        0.3446880280971527
      ]
    },
    "100": {
      "mean": 0.35048903822898864,
      "std": 0.026781213705906557,
      "trials": [
        0.35042157769203186,
        0.34232714772224426,
        0.35514333844184875,
        0.3527824580669403,
        0.3207419812679291,
        0.37065768241882324,
        0.3038785755634308,
        0.34502530097961426,
        0.34974706172943115,
        0.35379427671432495,
        0.36526137590408325,
        0.40505900979042053,
        0.37335580587387085,
        0.3106239438056946,
        0.30826306343078613,
        0.34839797019958496,
        0.3770657777786255,
        0.32411468029022217,
        0.3554806113243103,
        0.39763912558555603
      ]
    }
  }
}