{
  "record_type": "evaluation.kshot",
  "created_at": "2026-05-31T10:34:57+00:00",
  "model_run_id": "doppler_softmax_baseline",
  "protocol": {
    "name": "same_domain_PI-1a",
    "task": "few_shot_person_identification",
    "enrollment_domains": [
      "PI-1a"
    ],
    "query_domains": [
      "PI-1a"
    ],
    "enrollment_split": [
      0.0,
      0.6
    ],
    "query_split": [
      0.6,
      0.8
    ]
  },
  "dataset": {
    "representation": "doppler",
    "data_root": "C:\\Users\\gianm\\Development\\wifi-doppler-har\\data\\doppler_traces_pi",
    "persons": [
      "p03",
      "p05",
      "p06",
      "p07",
      "p08",
      "p09",
      "p10",
      "p11",
      "p12",
      "p13"
    ],
    "window_size": 340,
    "window_stride": 30,
    "split_guard": 31,
    "enrollment_windows": 9070,
    "query_windows": 2940
  },
  "parameters": {
    "k_values": [
      1,
      3,
      5,
      10,
      25,
      50,
      100
    ],
    "n_trials": 20,
    "seed": 0,
    "batch_size": 128,
    "embedding_fusion": "mean",
    "metric": "cosine"
  },
  "results": {
    "1": {
      "mean": 0.23629251569509507,
      "std": 0.039374342608600156,
      "trials": [
        0.2510204017162323,
        0.279591828584671,
        0.21190476417541504,
        0.1734693944454193,
        0.18435373902320862,
        0.30102041363716125,
        0.24081632494926453,
        0.15612244606018066,
        0.2282312959432602,
        0.2738095223903656,
        0.2568027079105377,
        0.21496598422527313,
        0.28537413477897644,
        0.2411564588546753,
        0.25544217228889465,
        0.23231293261051178,
        0.2602040767669678,
        0.21360544860363007,
        0.18401360511779785,
        0.281632661819458
      ]
    },
    "3": {
      "mean": 0.3292006805539131,
      "std": 0.05526569929821925,
      "trials": [
        0.27619048953056335,
        0.3751700818538666,
        0.2840135991573334,
        0.2908163368701935,
        0.3870748281478882,
        0.28027209639549255,
        0.3183673322200775,
        0.380952388048172,
        0.29013606905937195,
        0.2826530635356903,
        0.25068026781082153,
        0.29115647077560425,
        0.4125850200653076,
        0.40136054158210754,
        0.2591836750507355,
        0.36462584137916565,
        0.41394558548927307,
        0.3928571343421936,
        0.2778911590576172,
        0.3540816307067871
      ]
    },
    "5": {
      "mean": 0.3450340166687965,
      "std": 0.043245651658660275,
      "trials": [
        0.32210883498191833,
        0.2846938669681549,
        0.4462585151195526,
        0.3105442225933075,
        0.40408164262771606,
        0.3374149799346924,
        0.29897958040237427,
        0.32074829936027527,
        0.3265306055545807,
        0.32789117097854614,
        0.3659864068031311,
        0.3792516887187958,
        0.40340137481689453,
        0.3057823181152344,
        0.2928571403026581,
        0.41530612111091614,
        0.3421768844127655,
        0.3374149799346924,
        0.35646259784698486,
        0.32278910279273987
      ]
    },
    "10": {
      "mean": 0.36532312631607056,
      "std": 0.03989151845306454,
      "trials": [
        0.30714285373687744,
        0.2897959053516388,
        0.4214285612106323,
        0.3819727897644043,
        0.3353741466999054,
        0.40646257996559143,
        0.40748298168182373,
        0.37244898080825806,
        0.3173469305038452,
        0.4136054515838623,
        0.34285715222358704,
        0.4098639488220215,
        0.36054420471191406,
        0.3870748281478882,
        0.37142857909202576,
        0.3431972861289978,
        0.32006803154945374,
        0.3183673322200775,
        0.39319726824760437,
        0.4068027138710022
      ]
    },
    "25": {
      "mean": 0.3953061193227768,
      "std": 0.04125187123695273,
      "trials": [
        0.4166666567325592,
        0.3877550959587097,
        0.3503401279449463,
        0.39013606309890747,
        0.42210882902145386,
        0.41700679063796997,
        0.45068028569221497,
        0.35680273175239563,
        0.34659862518310547,
        0.3363945484161377,
        0.36938774585723877,
        0.4357142746448517,
        0.3860544264316559,
        0.4595237970352173,
        0.36258503794670105,
        0.442176878452301,
        0.3414965867996216,
        0.45272108912467957,
        0.3469387888908386,
        0.43503400683403015
      ]
    },
    "50": {
      "mean": 0.41459184139966965,
      "std": 0.041743701611009876,
      "trials": [
        0.4452380836009979,
        0.39625850319862366,
        0.47176870703697205,
        0.36564627289772034,
        0.45068028569221497,
        0.3717687129974365,
        0.42517006397247314,
        0.4462585151195526,
        0.35272109508514404,
        0.45986393094062805,
        0.3608843684196472,
        0.37346938252449036,
        0.4602040946483612,
        0.4554421901702881,
        0.38027212023735046,
        0.41326531767845154,
        0.34965986013412476,
        0.47074830532073975,
        0.4414966106414795,
        0.4010204076766968
      ]
    },
    "100": {
      "mean": 0.4297789141535759,
      "std": 0.03554404893447438,
      "trials": [
        0.4244897961616516,
        0.3867346942424774,
        0.4176870882511139,
        0.390816330909729,
        0.36768707633018494,
        0.42993196845054626,
        0.4244897961616516,
        0.41292518377304077,
        0.410544216632843,
        0.390816330909729,
        0.41496598720550537,
        0.4602040946483612,
        0.4897959232330322,
        0.40510204434394836,
        0.46870747208595276,
        0.4561224579811096,
        0.4663265347480774,
        0.4085034132003784,
        0.47380951046943665,
        0.4959183633327484
      ]
    }
  }
}