{
  "record_type": "evaluation.kshot",
  "created_at": "2026-05-31T10:40:39+00:00",
  "model_run_id": "doppler_pooled_head_proto",
  "protocol": {
    "name": "same_domain_PI-3a",
    "task": "few_shot_person_identification",
    "enrollment_domains": [
      "PI-3a"
    ],
    "query_domains": [
      "PI-3a"
    ],
    "enrollment_split": [
      0.0,
      0.6
    ],
    "query_split": [
      0.6,
      0.8
    ]
  },
  "dataset": {
    "representation": "doppler",
    "data_root": "C:\\Users\\gianm\\Development\\wifi-doppler-har\\data\\doppler_traces_pi",
    "persons": [
      "p03",
      "p05",
      "p06",
      "p07",
      "p08",
      "p09",
      "p10",
      "p11",
      "p12",
      "p13"
    ],
    "window_size": 340,
    "window_stride": 30,
    "split_guard": 31,
    "enrollment_windows": 9143,
    "query_windows": 2965
  },
  "parameters": {
    "k_values": [
      1,
      3,
      5,
      10,
      25,
      50,
      100
    ],
    "n_trials": 20,
    "seed": 0,
    "batch_size": 128,
    "embedding_fusion": "mean",
    "metric": "cosine"
  },
  "results": {
    "1": {
      "mean": 0.35229342579841616,
      "std": 0.05522012432699593,
      "trials": [
        0.30556491017341614,
        0.2735244631767273,
        0.3284991681575775,
        0.38482293486595154,
        0.3757166862487793,
        0.35379427671432495,
        0.35581788420677185,
        0.41079258918762207,
        0.3662731945514679,
        0.35851600766181946,
        0.5173693299293518,
        0.40101179480552673,
        0.3554806113243103,
        0.3487352430820465,
        0.2620573341846466,
        0.3494097888469696,
        0.3345699906349182,
        0.26509276032447815,
        0.3268128037452698,
        0.37200674414634705
      ]
    },
    "3": {
      "mean": 0.32204047664999963,
      "std": 0.03772932580448565,
      "trials": [
        0.3487352430820465,
        0.36053961515426636,
        0.3399662673473358,
        0.34300169348716736,
        0.31096121668815613,
        0.29207420349121094,
        0.28397977352142334,
        0.3264755606651306,
        0.27790895104408264,
        0.3072512745857239,
        0.25227656960487366,
        0.297133207321167,
        0.3453625738620758,
        0.31602025032043457,
        0.24013490974903107,
        0.3622259795665741,
        0.3831366002559662,
        0.361551433801651,
        0.3426644206047058,
        0.3494097888469696
      ]
    },
    "5": {
      "mean": 0.3311129853129387,
      "std": 0.025291934313193314,
      "trials": [
        0.3689713180065155,
        0.32040470838546753,
        0.3494097888469696,
        0.32209107279777527,
        0.3318718373775482,
        0.37807756662368774,
        0.3096121549606323,
        0.29747048020362854,
        0.3723440170288086,
        0.29747048020362854,
        0.3561551570892334,
        0.29544687271118164,
        0.333220899105072,
        0.34030354022979736,
        0.3264755606651306,
        0.33895447850227356,
        0.29207420349121094,
        0.3399662673473358,
        0.341315358877182,
        0.3106239438056946
      ]
    },
    "10": {
      "mean": 0.3442495778203011,
      "std": 0.023472770446876887,
      "trials": [
        0.3207419812679291,
        0.3993254601955414,
        0.35716694593429565,
        0.3126475512981415,
        0.3153457045555115,
        0.34502530097961426,
        0.312984824180603,
        0.3268128037452698,
        0.35649240016937256,
        0.3365935981273651,
        0.30691400170326233,
        0.33220911026000977,
        0.3608768880367279,
        0.35986509919166565,
        0.35379427671432495,
        0.3318718373775482,
        0.3689713180065155,
        0.35784149169921875,
        0.3655986487865448,
        0.36391231417655945
      ]
    },
    "25": {
      "mean": 0.3551264777779579,
      "std": 0.029871083260295916,
      "trials": [
        0.410118043422699,
        0.39359191060066223,
        0.3790893852710724,
        0.35919055342674255,
        0.3318718373775482,
        0.3018549680709839,
        0.358853280544281,
        0.3892074227333069,
        0.36998313665390015,
        0.36458685994148254,
        0.31804385781288147,
        0.2957841455936432,
        0.34502530097961426,
        0.35446879267692566,
        0.35042157769203186,
        0.38145026564598083,
        0.3703204095363617,
        0.3730185627937317,
        0.3197301924228668,
        0.335919052362442
      ]
    },
    "50": {
      "mean": 0.3446205735206604,
      "std": 0.018418235320427166,
      "trials": [
        0.34839797019958496,
        0.33760538697242737,
        0.3406408131122589,
        0.3473861813545227,
        0.35851600766181946,
        0.35851600766181946,
        0.3743676245212555,
        0.3480606973171234,
        0.33355817198753357,
        0.37403035163879395,
        0.3345699906349182,
        0.34907251596450806,
        0.341315358877182,
        0.3005059063434601,
        0.32242831587791443,
        0.31804385781288147,
        0.3426644206047058,
        0.3696458637714386,
        0.3305227756500244,
        0.36256325244903564
      ]
    },
    "100": {
      "mean": 0.35645868480205534,
      "std": 0.020830753895599526,
      "trials": [
        0.3338954448699951,
        0.35986509919166565,
        0.361551433801651,
        0.36391231417655945,
        0.33827993273735046,
        0.36526137590408325,
        0.3177065849304199,
        0.3878583610057831,
        0.3554806113243103,
        0.358853280544281,
        0.3352445065975189,
        0.3723440170288086,
        0.37268128991127014,
        0.3682968020439148,
        0.33625632524490356,
        0.3099493980407715,
        0.37335580587387085,
        0.35851600766181946,
        0.38718381524086,
        0.37268128991127014
      ]
    }
  }
}