{
  "record_type": "evaluation.kshot",
  "created_at": "2026-05-31T10:41:16+00:00",
  "model_run_id": "doppler_pooled_head_proto",
  "protocol": {
    "name": "same_domain_PI-4a",
    "task": "few_shot_person_identification",
    "enrollment_domains": [
      "PI-4a"
    ],
    "query_domains": [
      "PI-4a"
    ],
    "enrollment_split": [
      0.0,
      0.6
    ],
    "query_split": [
      0.6,
      0.8
    ]
  },
  "dataset": {
    "representation": "doppler",
    "data_root": "C:\\Users\\gianm\\Development\\wifi-doppler-har\\data\\doppler_traces_pi",
    "persons": [
      "p03",
      "p05",
      "p06",
      "p07",
      "p08",
      "p09",
      "p10",
      "p11",
      "p12",
      "p13"
    ],
    "window_size": 340,
    "window_stride": 30,
    "split_guard": 31,
    "enrollment_windows": 8738,
    "query_windows": 2830
  },
  "parameters": {
    "k_values": [
      1,
      3,
      5,
      10,
      25,
      50,
      100
    ],
    "n_trials": 20,
    "seed": 0,
    "batch_size": 128,
    "embedding_fusion": "mean",
    "metric": "cosine"
  },
  "results": {
    "1": {
      "mean": 0.1952296830713749,
      "std": 0.021863484483291826,
      "trials": [
        0.2081272155046463,
        0.19646643102169037,
        0.20212014019489288,
        0.2321554720401764,
        0.18021202087402344,
        0.23074205219745636,
        0.20176678895950317,
        0.17420494556427002,
        0.21378092467784882,
        0.19575971364974976,
        0.18657243251800537,
        0.18904593586921692,
        0.16925795376300812,
        0.14028269052505493,
        0.17455829679965973,
        0.2035335749387741,
        0.1784452348947525,
        0.21024735271930695,
        0.1929328590631485,
        0.22438162565231323
      ]
    },
    "3": {
      "mean": 0.21194346249103546,
      "std": 0.029479071365507988,
      "trials": [
        0.21625441312789917,
        0.20141342282295227,
        0.22084805369377136,
        0.21095407009124756,
        0.2176678478717804,
        0.20565371215343475,
        0.23604241013526917,
        0.198586568236351,
        0.257243812084198,
        0.198586568236351,
        0.2275618314743042,
        0.1636042445898056,
        0.21130742132663727,
        0.16077739000320435,
        0.2275618314743042,
        0.24664311110973358,
        0.27420493960380554,
        0.20176678895950317,
        0.15300352871418,
        0.20918728411197662
      ]
    },
    "5": {
      "mean": 0.2179151937365532,
      "std": 0.022362798258749015,
      "trials": [
        0.22685512900352478,
        0.20459364354610443,
        0.2176678478717804,
        0.24063603579998016,
        0.21378092467784882,
        0.2558303773403168,
        0.2558303773403168,
        0.20459364354610443,
        0.21484099328517914,
        0.21978798508644104,
        0.24346289038658142,
        0.19893993437290192,
        0.2130742073059082,
        0.19222614169120789,
        0.2127208411693573,
        0.23462897539138794,
        0.19893993437290192,
        0.20989398658275604,
        0.23922261595726013,
        0.16077739000320435
      ]
    },
    "10": {
      "mean": 0.22655477076768876,
      "std": 0.012922080111788388,
      "trials": [
        0.23674911260604858,
        0.21554769575595856,
        0.21095407009124756,
        0.22049470245838165,
        0.24664311110973358,
        0.242756187915802,
        0.22367490828037262,
        0.22614841163158417,
        0.23038868606090546,
        0.2321554720401764,
        0.22402827441692352,
        0.23392225801944733,
        0.19540636241436005,
        0.22897526621818542,
        0.23498232662677765,
        0.22862191498279572,
        0.20106007158756256,
        0.22402827441692352,
        0.24487632513046265,
        0.22968198359012604
      ]
    },
    "25": {
      "mean": 0.2305653728544712,
      "std": 0.013927148783649347,
      "trials": [
        0.22049470245838165,
        0.218374565243721,
        0.2374558299779892,
        0.2522968053817749,
        0.24946996569633484,
        0.20636042952537537,
        0.21872791647911072,
        0.22685512900352478,
        0.2134275585412979,
        0.24628975987434387,
        0.2321554720401764,
        0.23356890678405762,
        0.21519434452056885,
        0.232862189412117,
        0.22508834302425385,
        0.21519434452056885,
        0.24911661446094513,
        0.22614841163158417,
        0.2533569037914276,
        0.23886926472187042
      ]
    },
    "50": {
      "mean": 0.2299646645784378,
      "std": 0.010181093362101833,
      "trials": [
        0.21590106189250946,
        0.22650176286697388,
        0.25936394929885864,
        0.22932861745357513,
        0.2371024787425995,
        0.22049470245838165,
        0.24169611930847168,
        0.2282685488462448,
        0.23180212080478668,
        0.23674911260604858,
        0.218374565243721,
        0.2275618314743042,
        0.21130742132663727,
        0.2321554720401764,
        0.23604241013526917,
        0.23604241013526917,
        0.222968190908432,
        0.23498232662677765,
        0.22685512900352478,
        0.22579506039619446
      ]
    },
    "100": {
      "mean": 0.23236749097704887,
      "std": 0.006808334871625673,
      "trials": [
        0.23074205219745636,
        0.23356890678405762,
        0.23568904399871826,
        0.23180212080478668,
        0.22367490828037262,
        0.2374558299779892,
        0.23109540343284607,
        0.23003533482551575,
        0.22650176286697388,
        0.22968198359012604,
        0.22932861745357513,
        0.22685512900352478,
        0.22402827441692352,
        0.2371024787425995,
        0.2378091812133789,
        0.24522967636585236,
        0.22932861745357513,
        0.24946996569633484,
        0.23639576137065887,
        0.22155477106571198
      ]
    }
  }
}