{
  "record_type": "evaluation.kshot",
  "created_at": "2026-05-31T10:16:14+00:00",
  "model_run_id": "raw_csi_mixed_proto",
  "protocol": {
    "name": "same_domain_PI-2a",
    "task": "few_shot_person_identification",
    "enrollment_domains": [
      "PI-2a"
    ],
    "query_domains": [
      "PI-2a"
    ],
    "enrollment_split": [
      0.0,
      0.6
    ],
    "query_split": [
      0.6,
      0.8
    ]
  },
  "dataset": {
    "representation": "raw_csi",
    "data_root": "C:\\Users\\gianm\\Development\\wifi-doppler-har\\data\\raw_csi_traces_pi",
    "persons": [
      "p03",
      "p05",
      "p06",
      "p07",
      "p08",
      "p09",
      "p10",
      "p11",
      "p12",
      "p13"
    ],
    "window_size": 340,
    "window_stride": 30,
    "split_guard": 31,
    "enrollment_windows": 8914,
    "query_windows": 2888
  },
  "parameters": {
    "k_values": [
      1,
      3,
      5,
      10,
      25,
      50,
      100
    ],
    "n_trials": 20,
    "seed": 0,
    "batch_size": 128,
    "embedding_fusion": "mean",
    "metric": "cosine"
  },
  "results": {
    "1": {
      "mean": 0.8322887778282165,
      "std": 0.012328170369043673,
      "trials": [
        0.8164820075035095,
        0.819252073764801,
        0.8479917049407959,
        0.8185595273971558,
        0.8327562212944031,
        0.8247922658920288,
        0.8376038670539856,
        0.8434903025627136,
        0.8220221400260925,
        0.8254847526550293,
        0.811634361743927,
        0.8472991585731506,
        0.8403739333152771,
        0.8178670406341553,
        0.8344875574111938,
        0.8563019633293152,
        0.8292936086654663,
        0.8310249447822571,
        0.8462603688240051,
        0.8427977561950684
      ]
    },
    "3": {
      "mean": 0.8291724324226379,
      "std": 0.002936643372999912,
      "trials": [
        0.8334487676620483,
        0.8327562212944031,
        0.8303323984146118,
        0.8299861550331116,
        0.8279085755348206,
        0.8344875574111938,
        0.8265235424041748,
        0.825138509273529,
        0.823060929775238,
        0.8282548189163208,
        0.8299861550331116,
        0.8299861550331116,
        0.8258309960365295,
        0.8286011219024658,
        0.8310249447822571,
        0.8313711881637573,
        0.8306786417961121,
        0.8265235424041748,
        0.8258309960365295,
        0.8317174315452576
      ]
    },
    "5": {
      "mean": 0.8319771438837051,
      "std": 0.00469163590802323,
      "trials": [
        0.8337950110435486,
        0.8296399116516113,
        0.8421052694320679,
        0.8272160887718201,
        0.8376038670539856,
        0.8324099779129028,
        0.8327562212944031,
        0.8327562212944031,
        0.8306786417961121,
        0.8351800441741943,
        0.8282548189163208,
        0.8431440591812134,
        0.8317174315452576,
        0.8317174315452576,
        0.8303323984146118,
        0.8296399116516113,
        0.8296399116516113,
        0.8282548189163208,
        0.8303323984146118,
        0.8223684430122375
      ]
    },
    "10": {
      "mean": 0.829362878203392,
      "std": 0.002839752980315036,
      "trials": [
        0.8331024646759033,
        0.8282548189163208,
        0.8282548189163208,
        0.8261772990226746,
        0.8261772990226746,
        0.8313711881637573,
        0.8289473652839661,
        0.8331024646759033,
        0.821329653263092,
        0.8299861550331116,
        0.8289473652839661,
        0.8337950110435486,
        0.8320637345314026,
        0.8296399116516113,
        0.8289473652839661,
        0.8320637345314026,
        0.8286011219024658,
        0.8275623321533203,
        0.8282548189163208,
        0.8306786417961121
      ]
    },
    "25": {
      "mean": 0.8296918243169784,
      "std": 0.0024686117152358396,
      "trials": [
        0.8254847526550293,
        0.8317174315452576,
        0.8303323984146118,
        0.8334487676620483,
        0.8279085755348206,
        0.8341412544250488,
        0.8334487676620483,
        0.8265235424041748,
        0.8275623321533203,
        0.8299861550331116,
        0.8299861550331116,
        0.8279085755348206,
        0.8299861550331116,
        0.8282548189163208,
        0.8313711881637573,
        0.8286011219024658,
        0.8272160887718201,
        0.8334487676620483,
        0.8282548189163208,
        0.8282548189163208
      ]
    },
    "50": {
      "mean": 0.8291724324226379,
      "std": 0.001769906411483578,
      "trials": [
        0.8303323984146118,
        0.8289473652839661,
        0.8306786417961121,
        0.8279085755348206,
        0.8310249447822571,
        0.8306786417961121,
        0.8272160887718201,
        0.8275623321533203,
        0.8306786417961121,
        0.8275623321533203,
        0.8313711881637573,
        0.8306786417961121,
        0.8306786417961121,
        0.8313711881637573,
        0.8275623321533203,
        0.8272160887718201,
        0.8275623321533203,
        0.8258309960365295,
        0.8275623321533203,
        0.8310249447822571
      ]
    },
    "100": {
      "mean": 0.829847639799118,
      "std": 0.0010638829519403613,
      "trials": [
        0.8299861550331116,
        0.8282548189163208,
        0.8303323984146118,
        0.8292936086654663,
        0.8282548189163208,
        0.8282548189163208,
        0.8296399116516113,
        0.8299861550331116,
        0.8313711881637573,
        0.8320637345314026,
        0.8292936086654663,
        0.8292936086654663,
        0.8292936086654663,
        0.8310249447822571,
        0.8310249447822571,
        0.8289473652839661,
        0.8313711881637573,
        0.8299861550331116,
        0.8292936086654663,
        0.8299861550331116
      ]
    }
  }
}