{
  "record_type": "evaluation.kshot",
  "created_at": "2026-05-31T10:17:49+00:00",
  "model_run_id": "raw_csi_mixed_proto",
  "protocol": {
    "name": "same_domain_PI-4a",
    "task": "few_shot_person_identification",
    "enrollment_domains": [
      "PI-4a"
    ],
    "query_domains": [
      "PI-4a"
    ],
    "enrollment_split": [
      0.0,
      0.6
    ],
    "query_split": [
      0.6,
      0.8
    ]
  },
  "dataset": {
    "representation": "raw_csi",
    "data_root": "C:\\Users\\gianm\\Development\\wifi-doppler-har\\data\\raw_csi_traces_pi",
    "persons": [
      "p03",
      "p05",
      "p06",
      "p07",
      "p08",
      "p09",
      "p10",
      "p11",
      "p12",
      "p13"
    ],
    "window_size": 340,
    "window_stride": 30,
    "split_guard": 31,
    "enrollment_windows": 9061,
    "query_windows": 2940
  },
  "parameters": {
    "k_values": [
      1,
      3,
      5,
      10,
      25,
      50,
      100
    ],
    "n_trials": 20,
    "seed": 0,
    "batch_size": 128,
    "embedding_fusion": "mean",
    "metric": "cosine"
  },
  "results": {
    "1": {
      "mean": 0.27843537405133245,
      "std": 0.05367347007034318,
      "trials": [
        0.2479591816663742,
        0.28537413477897644,
        0.2996598780155182,
        0.2251700609922409,
        0.28537413477897644,
        0.3544217646121979,
        0.279591828584671,
        0.27414965629577637,
        0.1744897961616516,
        0.2829931974411011,
        0.2666666805744171,
        0.22959183156490326,
        0.2659863829612732,
        0.1687074899673462,
        0.3544217646121979,
        0.2666666805744171,
        0.30102041363716125,
        0.28231292963027954,
        0.3343537449836731,
        0.3897959291934967
      ]
    },
    "3": {
      "mean": 0.3473129227757454,
      "std": 0.041860768395700805,
      "trials": [
        0.3554421663284302,
        0.31292515993118286,
        0.40612244606018066,
        0.3452380895614624,
        0.3778911530971527,
        0.29727891087532043,
        0.36938774585723877,
        0.3534013628959656,
        0.3105442225933075,
        0.3312925100326538,
        0.39217686653137207,
        0.3105442225933075,
        0.38367345929145813,
        0.39251700043678284,
        0.2578231394290924,
        0.32108843326568604,
        0.4306122362613678,
        0.30102041363716125,
        0.3374149799346924,
        0.35986393690109253
      ]
    },
    "5": {
      "mean": 0.34593537598848345,
      "std": 0.04247228433330168,
      "trials": [
        0.3996598720550537,
        0.36258503794670105,
        0.3323129117488861,
        0.3792516887187958,
        0.3302721083164215,
        0.29013606905937195,
        0.3731292486190796,
        0.2789115607738495,
        0.3047619163990021,
        0.3721088469028473,
        0.369047611951828,
        0.29625850915908813,
        0.3241496682167053,
        0.3955782353878021,
        0.37959182262420654,
        0.3948979675769806,
        0.2955782413482666,
        0.41428571939468384,
        0.3431972861289978,
        0.2829931974411011
      ]
    },
    "10": {
      "mean": 0.37547618746757505,
      "std": 0.03964692211920905,
      "trials": [
        0.3717687129974365,
        0.3414965867996216,
        0.3469387888908386,
        0.37959182262420654,
        0.3928571343421936,
        0.34081631898880005,
        0.3700680136680603,
        0.45306122303009033,
        0.3411564528942108,
        0.426870733499527,
        0.2670068144798279,
        0.42891156673431396,
        0.390816330909729,
        0.38435372710227966,
        0.4057823121547699,
        0.38367345929145813,
        0.3608843684196472,
        0.3404761850833893,
        0.38163265585899353,
        0.40136054158210754
      ]
    },
    "25": {
      "mean": 0.42207483053207395,
      "std": 0.033926574833381046,
      "trials": [
        0.46088436245918274,
        0.45068028569221497,
        0.33571428060531616,
        0.43503400683403015,
        0.4363945722579956,
        0.4227891266345978,
        0.3602040708065033,
        0.42108842730522156,
        0.3897959291934967,
        0.4078231155872345,
        0.3877550959587097,
        0.4615646302700043,
        0.4442176818847656,
        0.4244897961616516,
        0.4353741407394409,
        0.44999998807907104,
        0.45102041959762573,
        0.38027212023735046,
        0.4353741407394409,
        0.45102041959762573
      ]
    },
    "50": {
      "mean": 0.4366496607661247,
      "std": 0.022048287081291827,
      "trials": [
        0.40136054158210754,
        0.4462585151195526,
        0.45476189255714417,
        0.4374149739742279,
        0.41904762387275696,
        0.4404761791229248,
        0.4425170123577118,
        0.46768707036972046,
        0.4078231155872345,
        0.45068028569221497,
        0.46666666865348816,
        0.4574829936027527,
        0.43299320340156555,
        0.4336734712123871,
        0.4238095283508301,
        0.41292518377304077,
        0.41700679063796997,
        0.4673469364643097,
        0.39421769976615906,
        0.45884352922439575
      ]
    },
    "100": {
      "mean": 0.44668367356061933,
      "std": 0.017128772856063464,
      "trials": [
        0.47687074542045593,
        0.470408171415329,
        0.44693878293037415,
        0.4523809552192688,
        0.43877550959587097,
        0.42210882902145386,
        0.4115646183490753,
        0.4258503317832947,
        0.43707484006881714,
        0.44285714626312256,
        0.4571428596973419,
        0.45102041959762573,
        0.47278910875320435,
        0.4595237970352173,
        0.4534013569355011,
        0.4591836631298065,
        0.4384353756904602,
        0.4374149739742279,
        0.42414966225624084,
        0.45578232407569885
      ]
    }
  }
}