{
  "record_type": "evaluation.kshot",
  "created_at": "2026-05-31T10:17:01+00:00",
  "model_run_id": "raw_csi_mixed_proto",
  "protocol": {
    "name": "same_domain_PI-3a",
    "task": "few_shot_person_identification",
    "enrollment_domains": [
      "PI-3a"
    ],
    "query_domains": [
      "PI-3a"
    ],
    "enrollment_split": [
      0.0,
      0.6
    ],
    "query_split": [
      0.6,
      0.8
    ]
  },
  "dataset": {
    "representation": "raw_csi",
    "data_root": "C:\\Users\\gianm\\Development\\wifi-doppler-har\\data\\raw_csi_traces_pi",
    "persons": [
      "p03",
      "p05",
      "p06",
      "p07",
      "p08",
      "p09",
      "p10",
      "p11",
      "p12",
      "p13"
    ],
    "window_size": 340,
    "window_stride": 30,
    "split_guard": 31,
    "enrollment_windows": 9470,
    "query_windows": 3074
  },
  "parameters": {
    "k_values": [
      1,
      3,
      5,
      10,
      25,
      50,
      100
    ],
    "n_trials": 20,
    "seed": 0,
    "batch_size": 128,
    "embedding_fusion": "mean",
    "metric": "cosine"
  },
  "results": {
    "1": {
      "mean": 0.9410214692354202,
      "std": 0.010123907153275989,
      "trials": [
        0.9401431083679199,
        0.9294079542160034,
        0.9472999572753906,
        0.9372153282165527,
        0.9391672015190125,
        0.9492517709732056,
        0.9463239908218384,
        0.9212751984596252,
        0.9525048732757568,
        0.9424203038215637,
        0.9248536229133606,
        0.9544567465782166,
        0.947950541973114,
        0.931034505367279,
        0.9557579755783081,
        0.9414443969726562,
        0.9355888366699219,
        0.925504207611084,
        0.9463239908218384,
        0.9525048732757568
      ]
    },
    "3": {
      "mean": 0.9416232883930207,
      "std": 0.007379193809163482,
      "trials": [
        0.9372153282165527,
        0.9489265084266663,
        0.932986319065094,
        0.9189980626106262,
        0.9505529999732971,
        0.9433962106704712,
        0.9407937526702881,
        0.9463239908218384,
        0.940468430519104,
        0.9388418793678284,
        0.9349381923675537,
        0.932986319065094,
        0.947950541973114,
        0.947950541973114,
        0.9424203038215637,
        0.9453480839729309,
        0.9443721771240234,
        0.947950541973114,
        0.9411190748214722,
        0.9489265084266663
      ]
    },
    "5": {
      "mean": 0.941655820608139,
      "std": 0.005155169831735898,
      "trials": [
        0.9388418793678284,
        0.9378659725189209,
        0.9463239908218384,
        0.9320104122161865,
        0.9476252198219299,
        0.9446974396705627,
        0.9355888366699219,
        0.9446974396705627,
        0.9362394213676453,
        0.9437215328216553,
        0.9489265084266663,
        0.9440468549728394,
        0.9482758641242981,
        0.9368900656700134,
        0.9316850900650024,
        0.9446974396705627,
        0.938191294670105,
        0.9446974396705627,
        0.9427456259727478,
        0.9453480839729309
      ]
    },
    "10": {
      "mean": 0.942615482211113,
      "std": 0.0038961155302617216,
      "trials": [
        0.9459987282752991,
        0.938191294670105,
        0.9450227618217468,
        0.9388418793678284,
        0.9378659725189209,
        0.9482758641242981,
        0.9430708885192871,
        0.9417696595191956,
        0.9411190748214722,
        0.9466493129730225,
        0.9313597679138184,
        0.9440468549728394,
        0.9424203038215637,
        0.9459987282752991,
        0.945673406124115,
        0.9411190748214722,
        0.9420949816703796,
        0.9417696595191956,
        0.9476252198219299,
        0.9433962106704712
      ]
    },
    "25": {
      "mean": 0.9419811278581619,
      "std": 0.003333859040175339,
      "trials": [
        0.9414443969726562,
        0.9424203038215637,
        0.9414443969726562,
        0.9424203038215637,
        0.9430708885192871,
        0.9433962106704712,
        0.9446974396705627,
        0.9427456259727478,
        0.9339622855186462,
        0.9443721771240234,
        0.9388418793678284,
        0.9417696595191956,
        0.9430708885192871,
        0.9446974396705627,
        0.940468430519104,
        0.9437215328216553,
        0.9427456259727478,
        0.9476252198219299,
        0.932986319065094,
        0.9437215328216553
      ]
    },
    "50": {
      "mean": 0.9414443671703339,
      "std": 0.0021627576037474257,
      "trials": [
        0.9394925236701965,
        0.9420949816703796,
        0.9401431083679199,
        0.9417696595191956,
        0.9424203038215637,
        0.9424203038215637,
        0.940468430519104,
        0.9417696595191956,
        0.9388418793678284,
        0.9446974396705627,
        0.9427456259727478,
        0.938191294670105,
        0.9388418793678284,
        0.9453480839729309,
        0.9375406503677368,
        0.9424203038215637,
        0.9394925236701965,
        0.9440468549728394,
        0.9437215328216553,
        0.9424203038215637
      ]
    },
    "100": {
      "mean": 0.9423552334308625,
      "std": 0.001193487889107592,
      "trials": [
        0.9427456259727478,
        0.9414443969726562,
        0.9424203038215637,
        0.940468430519104,
        0.9417696595191956,
        0.9430708885192871,
        0.9427456259727478,
        0.9391672015190125,
        0.9417696595191956,
        0.9424203038215637,
        0.9414443969726562,
        0.9427456259727478,
        0.9433962106704712,
        0.9417696595191956,
        0.9433962106704712,
        0.9420949816703796,
        0.9450227618217468,
        0.9430708885192871,
        0.9427456259727478,
        0.9433962106704712
      ]
    }
  }
}