{
  "zero_shot_softmax_acc": 0.31590106007067137,
  "softmax_fewshot_results": {
    "1": {
      "mean": 0.20457597076892853,
      "std": 0.032786201199187535,
      "trials": [
        0.26042401790618896,
        0.2272084802389145,
        0.19505299627780914,
        0.19399292767047882,
        0.19717314839363098,
        0.17597173154354095,
        0.22190812230110168,
        0.19893993437290192,
        0.24169611930847168,
        0.2583038806915283,
        0.18975265324115753,
        0.1929328590631485,
        0.19399292767047882,
        0.19893993437290192,
        0.128621906042099,
        0.20212014019489288,
        0.19964663684368134,
        0.25053003430366516,
        0.14487633109092712,
        0.21943463385105133
      ]
    },
    "3": {
      "mean": 0.25169611498713496,
      "std": 0.02100709027302059,
      "trials": [
        0.24098940193653107,
        0.23851589858531952,
        0.2766784429550171,
        0.24628975987434387,
        0.24911661446094513,
        0.22508834302425385,
        0.2378091812133789,
        0.2530035376548767,
        0.2180211991071701,
        0.26113075017929077,
        0.27597174048423767,
        0.2275618314743042,
        0.27985864877700806,
        0.22614841163158417,
        0.27597174048423767,
        0.23604241013526917,
        0.2590106129646301,
        0.2777385115623474,
        0.28939929604530334,
        0.23957596719264984
      ]
    },
    "5": {
      "mean": 0.27650176659226416,
      "std": 0.0227676744224506,
      "trials": [
        0.29328620433807373,
        0.28551235795021057,
        0.29328620433807373,
        0.2784452438354492,
        0.2625441551208496,
        0.30494698882102966,
        0.3031802177429199,
        0.2975265085697174,
        0.25547704100608826,
        0.2664310932159424,
        0.25512367486953735,
        0.2590106129646301,
        0.2918727993965149,
        0.2777385115623474,
        0.2681978940963745,
        0.3116607666015625,
        0.26996466517448425,
        0.2674911618232727,
        0.27950531244277954,
        0.20883391797542572
      ]
    },
    "10": {
      "mean": 0.30441695898771287,
      "std": 0.01441094213861487,
      "trials": [
        0.3162544071674347,
        0.27420493960380554,
        0.30424028635025024,
        0.2918727993965149,
        0.322614848613739,
        0.31413426995277405,
        0.3014134168624878,
        0.30883392691612244,
        0.340282678604126,
        0.30459365248680115,
        0.3215547800064087,
        0.2975265085697174,
        0.2809187173843384,
        0.30494698882102966,
        0.30530035495758057,
        0.30494698882102966,
        0.2968197762966156,
        0.3017667829990387,
        0.3070671260356903,
        0.28904592990875244
      ]
    },
    "25": {
      "mean": 0.32477031648159027,
      "std": 0.018435581155687077,
      "trials": [
        0.3014134168624878,
        0.32862189412117004,
        0.30494698882102966,
        0.36395758390426636,
        0.3455830514431,
        0.32473498582839966,
        0.30600705742836,
        0.29363957047462463,
        0.3215547800064087,
        0.30918729305267334,
        0.32826855778694153,
        0.3328621983528137,
        0.3222614824771881,
        0.31908127665519714,
        0.3215547800064087,
        0.3070671260356903,
        0.3409894108772278,
        0.31837454438209534,
        0.35371023416519165,
        0.351590096950531
      ]
    },
    "50": {
      "mean": 0.32689046263694765,
      "std": 0.012465488366648795,
      "trials": [
        0.30530035495758057,
        0.33427563309669495,
        0.33462896943092346,
        0.3261484205722809,
        0.31484100222587585,
        0.3363957703113556,
        0.3180212080478668,
        0.322614848613739,
        0.35300353169441223,
        0.340282678604126,
        0.3021201491355896,
        0.33003532886505127,
        0.33992934226989746,
        0.3307420611381531,
        0.3409894108772278,
        0.3222614824771881,
        0.3314487636089325,
        0.32367491722106934,
        0.31837454438209534,
        0.3127208352088928
      ]
    },
    "100": {
      "mean": 0.34155477285385133,
      "std": 0.009090548543475586,
      "trials": [
        0.34452298283576965,
        0.3409894108772278,
        0.3254416882991791,
        0.3473498225212097,
        0.3279151916503906,
        0.33321553468704224,
        0.33851590752601624,
        0.34840989112854004,
        0.35371023416519165,
        0.3318021297454834,
        0.34416961669921875,
        0.33533570170402527,
        0.3406360447406769,
        0.3363957703113556,
        0.36360424757003784,
        0.34946995973587036,
        0.35335689783096313,
        0.3360424041748047,
        0.33992934226989746,
        0.340282678604126
      ]
    }
  },
  "proto_fewshot_results": {
    "1": {
      "mean": 0.2735689043998718,
      "std": 0.028117886752028236,
      "trials": [
        0.288339227437973,
        0.3522968292236328,
        0.26961129903793335,
        0.2780918776988983,
        0.2575971782207489,
        0.2321554720401764,
        0.3010600805282593,
        0.2766784429550171,
        0.2773851454257965,
        0.27491167187690735,
        0.23109540343284607,
        0.22084805369377136,
        0.26572439074516296,
        0.2773851454257965,
        0.24628975987434387,
        0.3021201491355896,
        0.2763250768184662,
        0.27915194630622864,
        0.2720848023891449,
        0.2922261357307434
      ]
    },
    "3": {
      "mean": 0.3768374562263489,
      "std": 0.027496631922804757,
      "trials": [
        0.38374558091163635,
        0.34381625056266785,
        0.38445228338241577,
        0.35017669200897217,
        0.3865724503993988,
        0.38833922147750854,
        0.33392226696014404,
        0.38268551230430603,
        0.322614848613739,
        0.3996466398239136,
        0.4113074243068695,
        0.3848056495189667,
        0.39929327368736267,
        0.402473509311676,
        0.4017667770385742,
        0.3427561819553375,
        0.4250883460044861,
        0.3851590156555176,
        0.3572438061237335,
        0.3508833944797516
      ]
    },
    "5": {
      "mean": 0.4199293300509453,
      "std": 0.031111742485618717,
      "trials": [
        0.47844523191452026,
        0.4300353229045868,
        0.43392226099967957,
        0.4296819865703583,
        0.41272085905075073,
        0.42296820878982544,
        0.3950529992580414,
        0.42756184935569763,
        0.3717314600944519,
        0.39328622817993164,
        0.3918727934360504,
        0.4215547740459442,
        0.45335689187049866,
        0.39257949590682983,
        0.44204947352409363,
        0.4155476987361908,
        0.4243816137313843,
        0.4395759701728821,
        0.4745582938194275,
        0.3477031886577606
      ]
    },
    "10": {
      "mean": 0.483674918115139,
      "std": 0.022237522940546806,
      "trials": [
        0.5038869380950928,
        0.4752650260925293,
        0.4593639671802521,
        0.4957597255706787,
        0.5098940134048462,
        0.49646642804145813,
        0.48798587918281555,
        0.5038869380950928,
        0.4840989410877228,
        0.49717313051223755,
        0.5109540820121765,
        0.44381624460220337,
        0.45830389857292175,
        0.474204957485199,
        0.485512375831604,
        0.47879859805107117,
        0.5102473497390747,
        0.4307420551776886,
        0.4660777449607849,
        0.5010600686073303
      ]
    },
    "25": {
      "mean": 0.5506360441446304,
      "std": 0.03334519360198985,