{
  "record_type": "evaluation.kshot",
  "created_at": "2026-05-31T10:24:44+00:00",
  "model_run_id": "20260530_raw_csi_proto_domain_separated",
  "protocol": {
    "name": "same_domain_PI-4a",
    "task": "few_shot_person_identification",
    "enrollment_domains": [
      "PI-4a"
    ],
    "query_domains": [
      "PI-4a"
    ],
    "enrollment_split": [
      0.0,
      0.6
    ],
    "query_split": [
      0.6,
      0.8
    ]
  },
  "dataset": {
    "representation": "raw_csi",
    "data_root": "C:\\Users\\gianm\\Development\\wifi-doppler-har\\data\\raw_csi_traces_pi",
    "persons": [
      "p03",
      "p05",
      "p06",
      "p07",
      "p08",
      "p09",
      "p10",
      "p11",
      "p12",
      "p13"
    ],
    "window_size": 340,
    "window_stride": 30,
    "split_guard": 31,
    "enrollment_windows": 9061,
    "query_windows": 2940
  },
  "parameters": {
    "k_values": [
      1,
      3,
      5,
      10,
      25,
      50,
      100
    ],
    "n_trials": 20,
    "seed": 0,
    "batch_size": 128,
    "embedding_fusion": "mean",
    "metric": "cosine"
  },
  "results": {
    "1": {
      "mean": 0.33722788989543917,
      "std": 0.054642037590922635,
      "trials": [
        0.2928571403026581,
        0.38843536376953125,
        0.3523809611797333,
        0.2411564588546753,
        0.3244898021221161,
        0.32278910279273987,
        0.42619046568870544,
        0.3380952477455139,
        0.2935374081134796,
        0.3534013628959656,
        0.35748299956321716,
        0.32176870107650757,
        0.3105442225933075,
        0.3074829876422882,
        0.29727891087532043,
        0.28911563754081726,
        0.3421768844127655,
        0.289455771446228,
        0.4146258533000946,
        0.4812925159931183
      ]
    },
    "3": {
      "mean": 0.4117687061429024,
      "std": 0.05288064561897679,
      "trials": [
        0.4176870882511139,
        0.4870748221874237,
        0.45578232407569885,
        0.4193877577781677,
        0.45510202646255493,
        0.4357142746448517,
        0.41904762387275696,
        0.3224489688873291,
        0.4680272042751312,
        0.44013604521751404,
        0.4357142746448517,
        0.3431972861289978,
        0.46972790360450745,
        0.36972787976264954,
        0.31870749592781067,
        0.40340137481689453,
        0.4564625918865204,
        0.36462584137916565,
        0.3136054277420044,
        0.43979591131210327
      ]
    },
    "5": {
      "mean": 0.43920067846775057,
      "std": 0.05596202871057826,
      "trials": [
        0.442176878452301,
        0.41224488615989685,
        0.4027210772037506,
        0.40816327929496765,
        0.3670068085193634,
        0.42006802558898926,
        0.4197278916835785,
        0.5408163070678711,
        0.47857141494750977,
        0.4622448980808258,
        0.4659864008426666,
        0.33265307545661926,
        0.49931973218917847,
        0.44795918464660645,
        0.551360547542572,
        0.5091836452484131,
        0.3741496503353119,
        0.3986394703388214,
        0.45510202646255493,
        0.3959183692932129
      ]
    },
    "10": {
      "mean": 0.47358843833208086,
      "std": 0.04159535597803345,
      "trials": [
        0.5714285969734192,
        0.42414966225624084,
        0.46190476417541504,
        0.5020408034324646,
        0.46462586522102356,
        0.37244898080825806,
        0.4918367266654968,
        0.5217686891555786,
        0.44795918464660645,
        0.4700680375099182,
        0.5142857432365417,
        0.4612244963645935,
        0.470408171415329,
        0.47687074542045593,
        0.5013605356216431,
        0.4574829936027527,
        0.5074830055236816,
        0.44081631302833557,
        0.4911564588546753,
        0.422448992729187
      ]
    },
    "25": {
      "mean": 0.4917006820440292,
      "std": 0.03767786242799472,
      "trials": [
        0.5258503556251526,
        0.49965986609458923,
        0.4612244963645935,
        0.490136057138443,
        0.5717687010765076,
        0.5210884213447571,
        0.41326531767845154,
        0.46462586522102356,
        0.43911564350128174,
        0.4928571283817291,
        0.526190459728241,
        0.5520408153533936,
        0.5098639726638794,
        0.5146258473396301,
        0.4476190507411957,
        0.46870747208595276,
        0.4734693765640259,
        0.5047619342803955,
        0.4663265347480774,
        0.4908163249492645
      ]
    },
    "50": {
      "mean": 0.5171768710017204,
      "std": 0.03204588988753139,
      "trials": [
        0.5588435530662537,
        0.5540816187858582,
        0.5112245082855225,
        0.49455782771110535,
        0.47448980808258057,
        0.5289115905761719,
        0.43707484006881714,
        0.563265323638916,
        0.5544217824935913,
        0.5231292247772217,
        0.48469388484954834,
        0.5040816068649292,
        0.4863945543766022,
        0.5282312631607056,
        0.4928571283817291,
        0.5306122303009033,
        0.5551020503044128,
        0.5081632733345032,
        0.5367347002029419,
        0.5166666507720947
      ]
    },
    "100": {
      "mean": 0.5299659848213196,
      "std": 0.018553133766059767,
      "trials": [
        0.4952380955219269,
        0.5527210831642151,
        0.5176870822906494,
        0.5295918583869934,
        0.5319727659225464,
        0.490136057138443,
        0.5350340008735657,
        0.5496598482131958,
        0.5425170063972473,
        0.5503401160240173,
        0.5248299241065979,
        0.5146258473396301,
        0.5360544323921204,
        0.5190476179122925,
        0.5408163070678711,
        0.5384353995323181,
        0.5153061151504517,
        0.5503401160240173,
        0.5568027496337891,
        0.5081632733345032
      ]
    }
  }
}