{
  "record_type": "evaluation.kshot",
  "created_at": "2026-05-31T10:23:57+00:00",
  "model_run_id": "20260530_raw_csi_proto_domain_separated",
  "protocol": {
    "name": "same_domain_PI-3a",
    "task": "few_shot_person_identification",
    "enrollment_domains": [
      "PI-3a"
    ],
    "query_domains": [
      "PI-3a"
    ],
    "enrollment_split": [
      0.0,
      0.6
    ],
    "query_split": [
      0.6,
      0.8
    ]
  },
  "dataset": {
    "representation": "raw_csi",
    "data_root": "C:\\Users\\gianm\\Development\\wifi-doppler-har\\data\\raw_csi_traces_pi",
    "persons": [
      "p03",
      "p05",
      "p06",
      "p07",
      "p08",
      "p09",
      "p10",
      "p11",
      "p12",
      "p13"
    ],
    "window_size": 340,
    "window_stride": 30,
    "split_guard": 31,
    "enrollment_windows": 9470,
    "query_windows": 3074
  },
  "parameters": {
    "k_values": [
      1,
      3,
      5,
      10,
      25,
      50,
      100
    ],
    "n_trials": 20,
    "seed": 0,
    "batch_size": 128,
    "embedding_fusion": "mean",
    "metric": "cosine"
  },
  "results": {
    "1": {
      "mean": 0.5067664310336113,
      "std": 0.051639226161050066,
      "trials": [
        0.5640859007835388,
        0.47755366563796997,
        0.4944697320461273,
        0.49642160534858704,
        0.455432653427124,
        0.6158100366592407,
        0.5832791328430176,
        0.438191294670105,
        0.488939493894577,
        0.5409889221191406,
        0.5152895450592041,
        0.5608327984809875,
        0.552049458026886,
        0.4616135358810425,
        0.4769030511379242,
        0.43949252367019653,
        0.4118412435054779,
        0.5110605359077454,
        0.5335068106651306,
        0.5175666809082031
      ]
    },
    "3": {
      "mean": 0.6481457352638245,
      "std": 0.06602791220491666,
      "trials": [
        0.6990891098976135,
        0.7579700946807861,
        0.5507482290267944,
        0.6320754885673523,
        0.7075471878051758,
        0.6489915251731873,
        0.5969420671463013,
        0.710474967956543,
        0.5985686182975769,
        0.5354586839675903,
        0.5933637022972107,
        0.6093038320541382,
        0.690631091594696,
        0.7068965435028076,
        0.5367599129676819,
        0.7124267816543579,
        0.6909564137458801,
        0.6961613297462463,
        0.5845803618431091,
        0.7039687633514404
      ]
    },
    "5": {
      "mean": 0.656180876493454,
      "std": 0.04045383537212312,
      "trials": [
        0.6054001450538635,
        0.621340274810791,
        0.7569941282272339,
        0.598893940448761,
        0.6411841511726379,
        0.6707872748374939,
        0.6320754885673523,
        0.6379310488700867,
        0.6197137236595154,
        0.6717631816864014,
        0.6541965007781982,
        0.7062459588050842,
        0.6961613297462463,
        0.6385816335678101,
        0.673389732837677,
        0.6990891098976135,
        0.5930383801460266,
        0.6912817358970642,
        0.6776187419891357,
        0.6379310488700867
      ]
    },
    "10": {
      "mean": 0.7084255039691925,
      "std": 0.042979980494835306,
      "trials": [
        0.7036434412002563,
        0.6740403175354004,
        0.7742355465888977,
        0.6577748656272888,
        0.675666868686676,
        0.7039687633514404,
        0.7618737816810608,
        0.6561483144760132,
        0.6489915251731873,
        0.7036434412002563,
        0.6571242809295654,
        0.732921302318573,
        0.6688354015350342,
        0.7296682000160217,
        0.7514638900756836,
        0.7823682427406311,
        0.6880286335945129,
        0.6929082870483398,
        0.779765784740448,
        0.725439190864563
      ]
    },
    "25": {
      "mean": 0.7369063049554825,
      "std": 0.04895980629999787,
      "trials": [
        0.8051398992538452,
        0.6769680976867676,
        0.6919323205947876,
        0.7986336946487427,
        0.7865972518920898,
        0.7791151404380798,
        0.7537410259246826,
        0.6802211999893188,
        0.6951854228973389,
        0.6893298625946045,
        0.6571242809295654,
        0.7905009984970093,
        0.7729342579841614,
        0.7843201160430908,
        0.7085230946540833,
        0.7602472305297852,
        0.7582953572273254,
        0.7582953572273254,
        0.6528952717781067,
        0.7381262183189392
      ]
    },
    "50": {
      "mean": 0.7435100734233856,
      "std": 0.0406361007444575,
      "trials": [
        0.7960312366485596,
        0.690305769443512,
        0.8025373816490173,
        0.6961613297462463,
        0.7644762396812439,
        0.735198438167572,
        0.7908262610435486,
        0.7674040198326111,
        0.7264150977134705,
        0.7404033541679382,
        0.7108002305030823,
        0.6860767602920532,
        0.757644772529602,
        0.7931034564971924,
        0.6857514381408691,
        0.7007156610488892,
        0.6951854228973389,
        0.7696812152862549,
        0.7878984808921814,
        0.7735849022865295
      ]
    },
    "100": {
      "mean": 0.7443396210670471,
      "std": 0.04576485611543215,
      "trials": [
        0.6857514381408691,
        0.6893298625946045,
        0.6964866518974304,
        0.7026675343513489,
        0.6886792182922363,
        0.7817176580429077,
        0.7000650763511658,
        0.7003903985023499,
        0.7992843389511108,
        0.789525032043457,
        0.6818477511405945,
        0.7700064778327942,
        0.772283673286438,
        0.7638256549835205,
        0.7940793633460999,
        0.8139232397079468,
        0.774560809135437,
        0.717957079410553,
        0.797007143497467,
        0.7674040198326111
      ]
    }
  }
}