{
  "record_type": "evaluation.kshot",
  "created_at": "2026-05-31T10:22:25+00:00",
  "model_run_id": "20260530_raw_csi_proto_domain_separated",
  "protocol": {
    "name": "same_domain_PI-1a",
    "task": "few_shot_person_identification",
    "enrollment_domains": [
      "PI-1a"
    ],
    "query_domains": [
      "PI-1a"
    ],
    "enrollment_split": [
      0.0,
      0.6
    ],
    "query_split": [
      0.6,
      0.8
    ]
  },
  "dataset": {
    "representation": "raw_csi",
    "data_root": "C:\\Users\\gianm\\Development\\wifi-doppler-har\\data\\raw_csi_traces_pi",
    "persons": [
      "p03",
      "p05",
      "p06",
      "p07",
      "p08",
      "p09",
      "p10",
      "p11",
      "p12",
      "p13"
    ],
    "window_size": 340,
    "window_stride": 30,
    "split_guard": 31,
    "enrollment_windows": 9396,
    "query_windows": 3049
  },
  "parameters": {
    "k_values": [
      1,
      3,
      5,
      10,
      25,
      50,
      100
    ],
    "n_trials": 20,
    "seed": 0,
    "batch_size": 128,
    "embedding_fusion": "mean",
    "metric": "cosine"
  },
  "results": {
    "1": {
      "mean": 0.44398163482546804,
      "std": 0.09060184363884803,
      "trials": [
        0.44637584686279297,
        0.4191538095474243,
        0.42341750860214233,
        0.42735323309898376,
        0.2105608433485031,
        0.6116759777069092,
        0.5155788660049438,
        0.35224664211273193,
        0.4270252585411072,
        0.5155788660049438,
        0.3060019612312317,
        0.42013776302337646,
        0.5136110186576843,
        0.43686455488204956,
        0.4434240758419037,
        0.4378484785556793,
        0.37750083208084106,
        0.5785503387451172,
        0.45391932129859924,
        0.5628075003623962
      ]
    },
    "3": {
      "mean": 0.5803378149867058,
      "std": 0.10319402826261916,
      "trials": [
        0.5897015333175659,
        0.6615283489227295,
        0.516234815120697,
        0.606756329536438,
        0.3952115476131439,
        0.56510329246521,
        0.5195146203041077,
        0.774024248123169,
        0.4722859859466553,
        0.403410941362381,
        0.473597913980484,
        0.5195146203041077,
        0.6664479970932007,
        0.6920301914215088,
        0.4667103886604309,
        0.6989176869392395,
        0.6513611078262329,
        0.6779271960258484,
        0.5992128849029541,
        0.6572646498680115
      ]
    },
    "5": {
      "mean": 0.6514922946691513,
      "std": 0.07878982678748708,
      "trials": [
        0.7786159515380859,
        0.668087899684906,
        0.7628730535507202,
        0.5418170094490051,
        0.733683168888092,
        0.5913414359092712,
        0.5890455842018127,
        0.7192522287368774,
        0.5441128015518188,
        0.6746474504470825,
        0.7218760251998901,
        0.6329944133758545,
        0.6339783668518066,
        0.553624153137207,
        0.5870777368545532,
        0.5414890050888062,
        0.5995408296585083,
        0.7136766314506531,
        0.6726795434951782,
        0.7694326043128967
      ]
    },
    "10": {
      "mean": 0.6810757696628571,
      "std": 0.05512543940153378,
      "trials": [
        0.6861265897750854,
        0.7753361463546753,
        0.7153164744377136,
        0.6339783668518066,
        0.6031485795974731,
        0.725483775138855,
        0.701213538646698,
        0.7015414834022522,
        0.6418498158454895,
        0.6982617378234863,
        0.5726467967033386,
        0.7182682752609253,
        0.6917021870613098,
        0.7402427196502686,
        0.6864545941352844,
        0.7576254606246948,
        0.573630690574646,
        0.6907182931900024,
        0.6857986450195312,
        0.6221712231636047
      ]
    },
    "25": {
      "mean": 0.7275664180517196,
      "std": 0.048302950206864016,
      "trials": [
        0.7897671461105347,
        0.6592325568199158,
        0.6864545941352844,
        0.7363069653511047,
        0.7179403305053711,
        0.7881272435188293,
        0.7182682752609253,
        0.7392587661743164,
        0.639225959777832,
        0.7163004279136658,
        0.7841915488243103,
        0.7189242243766785,
        0.720892071723938,
        0.7281075716018677,
        0.7346671223640442,
        0.7287635207176208,
        0.7704165577888489,
        0.8032141923904419,
        0.614955723285675,
        0.7563135623931885
      ]
    },
    "50": {
      "mean": 0.7322892755270004,
      "std": 0.023395060811370712,
      "trials": [
        0.7599213123321533,
        0.7349950671195984,
        0.7140045762062073,
        0.7379468679428101,
        0.7556576132774353,
        0.7481141090393066,
        0.7081010341644287,
        0.7694326043128967,
        0.6903902888298035,
        0.7248278260231018,
        0.7054771780967712,
        0.7156444787979126,
        0.7576254606246948,
        0.720892071723938,
        0.7244998216629028,
        0.7776319980621338,
        0.7527058124542236,
        0.7071170806884766,
        0.7172843813896179,
        0.7235159277915955
      ]
    },
    "100": {
      "mean": 0.7393079727888108,
      "std": 0.024194847450722486,
      "trials": [
        0.7261397242546082,
        0.7438504695892334,
        0.753689706325531,
        0.7074450850486755,
        0.7035093307495117,
        0.7654969096183777,
        0.7471302151679993,
        0.720892071723938,
        0.7267956733703613,
        0.7408986687660217,
        0.7346671223640442,
        0.734011173248291,
        0.7346671223640442,
        0.8160052299499512,
        0.7205641269683838,
        0.7490980625152588,
        0.7635290026664734,
        0.734011173248291,
        0.749754011631012,
        0.7140045762062073
      ]
    }
  }
}