{
  "config": {
    "doppler_dir": "c:\\Users\\gianm\\Development\\wifi-doppler-har\\data\\doppler_traces_pi",
    "source_scenarios": [
      "PI-1a",
      "PI-2a",
      "PI-3a"
    ],
    "persons": [
      "p03",
      "p05",
      "p06",
      "p07",
      "p08",
      "p09",
      "p10",
      "p11",
      "p12",
      "p13"
    ],
    "enrollment_split": [
      0.0,
      0.6
    ],
    "query_split": [
      0.6,
      0.8
    ],
    "window_size": 340,
    "window_stride": 30,
    "k_values": [
      1,
      3,
      5,
      10,
      25,
      50,
      100
    ],
    "n_trials": 20,
    "batch_size": 128,
    "seed": 0,
    "embedding_fusion": "mean",
    "metric": "cosine",
    "softmax_checkpoint": "c:\\Users\\gianm\\Development\\wifi-doppler-har\\experiments\\pi_classification\\pi_all_persons_123_train_4_test_sharp_model_20260525_165437\\model.pt",
    "old_proto_featuremap_checkpoint": "c:\\Users\\gianm\\Development\\wifi-doppler-har\\experiments\\few_shot_proto_evaluation\\proto_multi_antenna_vs_softmax_baseline_20260527_164722\\proto_model.pt",
    "new_proto_encoder_checkpoint": "c:\\Users\\gianm\\Development\\wifi-doppler-har\\experiments\\few_shot_proto_evaluation\\proto_multi_antenna_vs_softmax_baseline_20260528_184419\\proto_model_best.pt",
    "model_summaries": {
      "softmax_featuremap": {
        "embedding_shape": [
          1,
          25500
        ],
        "parameters": 256040
      },
      "old_proto_featuremap": {
        "embedding_shape": [
          1,
          25500
        ],
        "parameters": 256040
      },
      "new_proto_encoder": {
        "embedding_shape": [
          1,
          128
        ],
        "parameters": 6562182
      }
    }
  },
  "source_results": {
    "softmax_featuremap": {
      "1": {
        "mean": 0.17272884175181388,
        "std": 0.03350834520037929,
        "trials": [
          0.1367875635623932,
          0.10754173994064331,
          0.20506620407104492,
          0.1721358597278595,
          0.16050662100315094,
          0.2454807162284851,
          0.16016119718551636,
          0.1358664333820343,
          0.201036274433136,
          0.18226827681064606,
          0.1868739277124405,
          0.15751294791698456,
          0.139435812830925,
          0.213126078248024,
          0.151525616645813,
          0.18169257044792175,
          0.18192285299301147,
          0.18814046680927277,
          0.1290731132030487,
          0.2184225618839264
        ]
      },
      "3": {
        "mean": 0.2345883697271347,
        "std": 0.02959484105858149,
        "trials": [
          0.21185952425003052,
          0.2084053009748459,
          0.24087506532669067,
          0.18698906898498535,
          0.2437535971403122,
          0.2059873342514038,
          0.21738630533218384,
          0.28013816475868225,
          0.23304547369480133,
          0.2681635022163391,
          0.25043177604675293,
          0.2713874578475952,
          0.274726539850235,
          0.17397812008857727,
          0.24006909132003784,
          0.22717328369617462,
          0.27484166622161865,
          0.2416810542345047,
          0.23719055950641632,
          0.2036845088005066
        ]
      },
      "5": {
        "mean": 0.23904432952404023,
        "std": 0.04288678414555153,
        "trials": [
          0.2569948136806488,
          0.21611975133419037,
          0.2977547347545624,
          0.235808864235878,
          0.19988486170768738,
          0.24651698768138885,
          0.2835924029350281,
          0.1744386851787567,
          0.1865285038948059,
          0.15302245318889618,
          0.2254461646080017,
          0.2894645929336548,
          0.18998272716999054,
          0.26275187730789185,
          0.2386873960494995,
          0.21669545769691467,
          0.2622913122177124,
          0.3027058243751526,
          0.30051812529563904,
          0.2416810542345047
        ]
      },
      "10": {
        "mean": 0.24993667379021645,
        "std": 0.04079021898222707,
        "trials": [
          0.2893494665622711,
          0.26804834604263306,
          0.2891191840171814,
          0.315947026014328,
          0.1836499720811844,
          0.3094991445541382,
          0.2101324051618576,
          0.17040875554084778,
          0.32550373673439026,
          0.2386873960494995,
          0.24087506532669067,
          0.2666666805744171,
          0.2508923411369324,
          0.2513529062271118,
          0.20978699624538422,
          0.24006909132003784,
          0.24099020659923553,
          0.2522740364074707,
          0.2133563607931137,
          0.23212435841560364
        ]
      },
      "25": {
        "mean": 0.28003454208374023,
        "std": 0.03178741677074388,
        "trials": [
          0.23385146260261536,
          0.30489349365234375,
          0.3027058243751526,
          0.30109384655952454,
          0.30489349365234375,
          0.25388601422309875,
          0.24870465695858002,
          0.2679332196712494,
          0.23822683095932007,
          0.33056995272636414,
          0.30512377619743347,
          0.2753022313117981,
          0.2753022313117981,
          0.22452504932880402,
          0.26332756876945496,
          0.3304547965526581,
          0.25630396604537964,
          0.32492804527282715,
          0.26183074712753296,
          0.2968336343765259
        ]
      },
      "50": {
        "mean": 0.2988485902547836,
        "std": 0.028901859043667537,
        "trials": [
          0.31433504819869995,
          0.2766839265823364,
          0.25181347131729126,
          0.33344846963882446,
          0.30374208092689514,
          0.3418537676334381,
          0.3518710434436798,
          0.27311456203460693,
          0.27219343185424805,
          0.2873920500278473,
          0.2940702438354492,
          0.2641335725784302,
          0.2814047336578369,
          0.29130685329437256,
          0.34738054871559143,
          0.31721359491348267,
          0.2741508483886719,
          0.33056995272636414,
          0.2923431098461151,
          0.2779504954814911
        ]
      },
      "100": {
        "mean": 0.29488773792982104,
        "std": 0.01743400084865273,
        "trials": [
          0.2908462882041931,
          0.3130685091018677,
          0.2746114134788513,
          0.2791019082069397,
          0.28981003165245056,
          0.27541738748550415,
          0.29717904329299927,
          0.30581462383270264,
          0.29337939620018005,
          0.30696603655815125,
          0.2685089111328125,
          0.3121473789215088,
          0.2835924029350281,
          0.2985607385635376,
          0.2682786285877228,
          0.31606218218803406,
          0.32573401927948,
          0.31318363547325134,
          0.31283822655677795,
          0.2726539969444275
        ]
      }
    },
    "old_proto_featuremap": {
      "1": {
        "mean": 0.23614853024482726,
        "std": 0.04093813107174258,
        "trials": [
          0.2719631493091583,
          0.13137593865394592,
          0.2101324051618576,
          0.2702360451221466,
          0.21531376242637634,
          0.2643638551235199,
          0.23385146260261536,
          0.17466896772384644,
          0.32170408964157104,
          0.24525043368339539,
          0.26102474331855774,
          0.19965457916259766,
          0.20472078025341034,
          0.26010361313819885,
          0.22671271860599518,
          0.22199194133281708,
          0.28255611658096313,
          0.2254461646080017,
          0.2352331578731537,
          0.2666666805744171
        ]
      },
      "3": {
        "mean": 0.2547150246798992,
        "std": 0.034539462574725906,