{
  "record_type": "evaluation.kshot",
  "created_at": "2026-05-31T10:28:45+00:00",
  "model_run_id": "doppler_featuremap_proto",
  "protocol": {
    "name": "same_domain_PI-1a",
    "task": "few_shot_person_identification",
    "enrollment_domains": [
      "PI-1a"
    ],
    "query_domains": [
      "PI-1a"
    ],
    "enrollment_split": [
      0.0,
      0.6
    ],
    "query_split": [
      0.6,
      0.8
    ]
  },
  "dataset": {
    "representation": "doppler",
    "data_root": "C:\\Users\\gianm\\Development\\wifi-doppler-har\\data\\doppler_traces_pi",
    "persons": [
      "p03",
      "p05",
      "p06",
      "p07",
      "p08",
      "p09",
      "p10",
      "p11",
      "p12",
      "p13"
    ],
    "window_size": 340,
    "window_stride": 30,
    "split_guard": 31,
    "enrollment_windows": 9070,
    "query_windows": 2940
  },
  "parameters": {
    "k_values": [
      1,
      3,
      5,
      10,
      25,
      50,
      100
    ],
    "n_trials": 20,
    "seed": 0,
    "batch_size": 128,
    "embedding_fusion": "mean",
    "metric": "cosine"
  },
  "results": {
    "1": {
      "mean": 0.5477380946278572,
      "std": 0.07928959442617303,
      "trials": [
        0.668367326259613,
        0.6479591727256775,
        0.4833333194255829,
        0.5193877816200256,
        0.5571428537368774,
        0.49931973218917847,
        0.5146258473396301,
        0.6455782055854797,
        0.5615646243095398,
        0.4809523820877075,
        0.6959183812141418,
        0.49557822942733765,
        0.5159863829612732,
        0.5574830174446106,
        0.6319727897644043,
        0.594897985458374,
        0.5931972861289978,
        0.4343537390232086,
        0.42619046568870544,
        0.43095237016677856
      ]
    },
    "3": {
      "mean": 0.6908503472805023,
      "std": 0.06180787123283329,
      "trials": [
        0.7503401637077332,
        0.7210884094238281,
        0.6850340366363525,
        0.7656462788581848,
        0.6918367147445679,
        0.7530612349510193,
        0.6183673739433289,
        0.6557823419570923,
        0.7193877696990967,
        0.6741496324539185,
        0.7649660110473633,
        0.6404761672019958,
        0.8363945484161377,
        0.6578231453895569,
        0.6261904835700989,
        0.6166666746139526,
        0.6557823419570923,
        0.6693877577781677,
        0.7312925457954407,
        0.5833333134651184
      ]
    },
    "5": {
      "mean": 0.7679761856794357,
      "std": 0.06124123877122194,
      "trials": [
        0.839455783367157,
        0.6979591846466064,
        0.8112244606018066,
        0.6054421663284302,
        0.7629251480102539,
        0.8234694004058838,
        0.8030612468719482,
        0.8278911709785461,
        0.7659863829612732,
        0.8435373902320862,
        0.7765306234359741,
        0.635374128818512,
        0.7782312631607056,
        0.8217687010765076,
        0.7653061151504517,
        0.7319728136062622,
        0.7857142686843872,
        0.7418367266654968,
        0.7778911590576172,
        0.7639455795288086
      ]
    },
    "10": {
      "mean": 0.808146259188652,
      "std": 0.04607776124932149,
      "trials": [
        0.8292517066001892,
        0.8193877339363098,
        0.8547618985176086,
        0.8697279095649719,
        0.7265306115150452,
        0.8074830174446106,
        0.8170068264007568,
        0.8115646243095398,
        0.8360544443130493,
        0.731632649898529,
        0.8061224222183228,
        0.8272109031677246,
        0.756462574005127,
        0.7598639726638794,
        0.8010203838348389,
        0.8578231334686279,
        0.8115646243095398,
        0.8187074661254883,
        0.7251700758934021,
        0.8955782055854797
      ]
    },
    "25": {
      "mean": 0.8563265293836594,
      "std": 0.0262066855390257,
      "trials": [
        0.8914965987205505,
        0.8727891445159912,
        0.8244897723197937,
        0.8064625859260559,
        0.8697279095649719,
        0.8261904716491699,
        0.8333333134651184,
        0.8435373902320862,
        0.8659864068031311,
        0.8183673620223999,
        0.8146258592605591,
        0.8676870465278625,
        0.8690476417541504,
        0.8897958993911743,
        0.8486394286155701,
        0.8802720904350281,
        0.8693877458572388,
        0.8785714507102966,
        0.8748299479484558,
        0.8812925219535828
      ]
    },
    "50": {
      "mean": 0.8611224561929702,
      "std": 0.02194579241603679,
      "trials": [
        0.8265306353569031,
        0.8595238327980042,
        0.8622449040412903,
        0.8615646362304688,
        0.8700680136680603,
        0.8500000238418579,
        0.8874149918556213,
        0.8887755274772644,
        0.8724489808082581,
        0.8778911828994751,
        0.8561224341392517,
        0.8775510191917419,
        0.8673469424247742,
        0.8639456033706665,
        0.8346938490867615,
        0.7925170063972473,
        0.8683673739433289,
        0.853741466999054,
        0.8819727897644043,
        0.8697279095649719
      ]
    },
    "100": {
      "mean": 0.86704081594944,
      "std": 0.010657120244825123,
      "trials": [
        0.8768707513809204,
        0.8755102157592773,
        0.8755102157592773,
        0.8625850081443787,
        0.8812925219535828,
        0.8666666746139526,
        0.8636054396629333,
        0.8707482814788818,
        0.8772108554840088,
        0.8727891445159912,
        0.8602041006088257,
        0.8534013628959656,
        0.8836734890937805,
        0.8465986251831055,
        0.8676870465278625,
        0.8744897842407227,
        0.8629251718521118,
        0.852721095085144,
        0.8462585210800171,
        0.8700680136680603
      ]
    }
  }
}