{
  "record_type": "evaluation.kshot",
  "created_at": "2026-05-31T10:30:36+00:00",
  "model_run_id": "doppler_featuremap_proto",
  "protocol": {
    "name": "same_domain_PI-3a",
    "task": "few_shot_person_identification",
    "enrollment_domains": [
      "PI-3a"
    ],
    "query_domains": [
      "PI-3a"
    ],
    "enrollment_split": [
      0.0,
      0.6
    ],
    "query_split": [
      0.6,
      0.8
    ]
  },
  "dataset": {
    "representation": "doppler",
    "data_root": "C:\\Users\\gianm\\Development\\wifi-doppler-har\\data\\doppler_traces_pi",
    "persons": [
      "p03",
      "p05",
      "p06",
      "p07",
      "p08",
      "p09",
      "p10",
      "p11",
      "p12",
      "p13"
    ],
    "window_size": 340,
    "window_stride": 30,
    "split_guard": 31,
    "enrollment_windows": 9143,
    "query_windows": 2965
  },
  "parameters": {
    "k_values": [
      1,
      3,
      5,
      10,
      25,
      50,
      100
    ],
    "n_trials": 20,
    "seed": 0,
    "batch_size": 128,
    "embedding_fusion": "mean",
    "metric": "cosine"
  },
  "results": {
    "1": {
      "mean": 0.43005059063434603,
      "std": 0.03994155969135326,
      "trials": [
        0.45463743805885315,
        0.41281619668006897,
        0.4569983184337616,
        0.4603709876537323,
        0.48364248871803284,
        0.38684654235839844,
        0.423271507024765,
        0.4097807705402374,
        0.4182124733924866,
        0.4509274959564209,
        0.45598649978637695,
        0.43979763984680176,
        0.3318718373775482,
        0.5008431673049927,
        0.40168634057044983,
        0.4300168752670288,
        0.48364248871803284,
        0.3655986487865448,
        0.41686341166496277,
        0.4172006845474243
      ]
    },
    "3": {
      "mean": 0.503794264793396,
      "std": 0.047110318942022986,
      "trials": [
        0.5018549561500549,
        0.5726813077926636,
        0.5618886947631836,
        0.49645867943763733,
        0.4495784044265747,
        0.5268127918243408,
        0.47554805874824524,
        0.46947723627090454,
        0.48296797275543213,
        0.5318718552589417,
        0.4910624027252197,
        0.4252951145172119,
        0.5102866888046265,
        0.47487351298332214,
        0.417875200510025,
        0.4752107858657837,
        0.5605396032333374,
        0.5979763865470886,
        0.5490725040435791,
        0.5045531392097473
      ]
    },
    "5": {
      "mean": 0.5741989850997925,
      "std": 0.04046901758748074,
      "trials": [
        0.5841484069824219,
        0.512310266494751,
        0.584822952747345,
        0.5554805994033813,
        0.6178752183914185,
        0.5885328650474548,
        0.5210792422294617,
        0.5453625917434692,
        0.5372681021690369,
        0.6070826053619385,
        0.6138280034065247,
        0.6114671230316162,
        0.5946037173271179,
        0.6053962707519531,
        0.5989881753921509,
        0.5730185508728027,
        0.5119730234146118,
        0.4873524308204651,
        0.6256324052810669,
        0.6077571511268616
      ]
    },
    "10": {
      "mean": 0.6195952802896499,
      "std": 0.026892537456816166,
      "trials": [
        0.595278263092041,
        0.6030353903770447,
        0.6000000238418579,
        0.6586846709251404,
        0.6067453622817993,
        0.6586846709251404,
        0.646543025970459,
        0.5736930966377258,
        0.599662721157074,
        0.6246205568313599,
        0.6728498935699463,
        0.6489039063453674,
        0.6023609042167664,
        0.6165261268615723,
        0.5939291715621948,
        0.5956155061721802,
        0.6367622017860413,
        0.5912310481071472,
        0.6367622017860413,
        0.6300168633460999
      ]
    },
    "25": {
      "mean": 0.6353962838649749,
      "std": 0.034985202355366556,
      "trials": [
        0.6003372669219971,
        0.5902191996574402,
        0.7136593461036682,
        0.666441798210144,
        0.630691409111023,
        0.6094434857368469,
        0.6546374559402466,
        0.6060708165168762,
        0.6239460110664368,
        0.6424958109855652,
        0.6441821455955505,
        0.6367622017860413,
        0.599662721157074,
        0.6445193886756897,
        0.6239460110664368,
        0.6354131698608398,
        0.6576728224754333,
        0.7193928956985474,
        0.5824620723724365,
        0.625969648361206
      ]
    },
    "50": {
      "mean": 0.6233220934867859,
      "std": 0.025718171644232273,
      "trials": [
        0.6172006726264954,
        0.6222596764564514,
        0.6283305287361145,
        0.6451939344406128,
        0.6097807884216309,
        0.6384485960006714,
        0.6138280034065247,
        0.6195615530014038,
        0.6458684802055359,
        0.6947723627090454,
        0.5868465304374695,
        0.5780775547027588,
        0.630354106426239,
        0.6381112933158875,
        0.6033726930618286,
        0.6529511213302612,
        0.5969645977020264,
        0.5946037173271179,
        0.6323777437210083,
        0.6175379157066345
      ]
    },
    "100": {
      "mean": 0.6293929219245911,
      "std": 0.028746695190566413,
      "trials": [
        0.6300168633460999,
        0.6087689995765686,
        0.6532883644104004,
        0.6249578595161438,
        0.6421585083007812,
        0.625969648361206,
        0.6148397922515869,
        0.6084316968917847,
        0.6263068914413452,
        0.651602029800415,
        0.5912310481071472,
        0.5922428369522095,
        0.6978077292442322,
        0.6145025491714478,
        0.6097807884216309,
        0.6283305287361145,
        0.6866779327392578,
        0.6037099361419678,
        0.6698145270347595,
        0.6074199080467224
      ]
    }
  }
}